post_id,post_title,post_author,post_score,post_url,post_num_comments,comment_id,comment_body,comment_author,comment_score
8ijglm,Why does Iran behave aggressively towards Israel?,orgad,4,https://www.reddit.com/r/MiddleEastNews/comments/8ijglm/why_does_iran_behave_aggressively_towards_israel/,63,,,,
8ijglm,Why does Iran behave aggressively towards Israel?,orgad,4,https://www.reddit.com/r/MiddleEastNews/comments/8ijglm/why_does_iran_behave_aggressively_towards_israel/,63,dys9c1s,"because Israel is an aggressor  
the real question should be why are other nations in the region - specifically Arabs - so docile with Israel?  
my guess is cowardice and corruption  ",diggdigger,7.0
8ijglm,Why does Iran behave aggressively towards Israel?,orgad,4,https://www.reddit.com/r/MiddleEastNews/comments/8ijglm/why_does_iran_behave_aggressively_towards_israel/,63,dyscf58,"https://en.m.wikipedia.org/wiki/Israeli%E2%80%93Syrian_ceasefire_line_incidents_during_the_Syrian_Civil_War

Itâ€™s really hard to see this as Israel being the aggressor.  Have they been quick to escalate? Sure.  Have they probably based this off too little investigation and leeway for a region in collapse? Yeah.  Do they often disregard the humanity of he indigenous populations they debately colonized? Yeahs 

But theyâ€™ve also been invaded twice by the Syrians in the last half century, are surrounded by countries that donâ€™t recognize their existence, and are pretty consistently terrorized by asymmetrical elements funded and otherwise supported by the countries you allege they aggress against.

You canâ€™t look at this objectively and not see two flawed, warlike, and obsessively ideological (nationalistic vs theocratic) combatants.

Edit: this post was in response to a reply that was subsequently deleted while I wrote it.  Thought it was worth posting.",ThaCarter,1.0
8ijglm,Why does Iran behave aggressively towards Israel?,orgad,4,https://www.reddit.com/r/MiddleEastNews/comments/8ijglm/why_does_iran_behave_aggressively_towards_israel/,63,dysaw0l,[deleted],N/A,1.0
8ijglm,Why does Iran behave aggressively towards Israel?,orgad,4,https://www.reddit.com/r/MiddleEastNews/comments/8ijglm/why_does_iran_behave_aggressively_towards_israel/,63,dz4qrjv,"Because Israel is an aggressor, witch do everything to destroy shia Muslims. and it uses the web of agents that lobby their interests through the world \(especially in USA\). And that makes life of Iran unbearable.   ",jonathanshow2234,1.0
8ijglm,Why does Iran behave aggressively towards Israel?,orgad,4,https://www.reddit.com/r/MiddleEastNews/comments/8ijglm/why_does_iran_behave_aggressively_towards_israel/,63,dz7kga0,Iran exists outside of US hegemony. Iran isnâ€™t actually serious about destroying Israel. Itâ€™s essentially PR for certain vectors of power within Iran. I donâ€™t think Israel is serious either about going to war with Iran(hopefully). Both nations require certain hard-line stances towards their regional enemies for optical reasons. ,StSeymour,1.0
8ijglm,Why does Iran behave aggressively towards Israel?,orgad,4,https://www.reddit.com/r/MiddleEastNews/comments/8ijglm/why_does_iran_behave_aggressively_towards_israel/,63,dyscwlc,"Because a country smaller than the state of New Jersey is acting aggressively against a Muslim group (Palestinians). Israel is a Jewish state carved out of a small portion of a Muslim dominated area. You would think the situation reflects one where in Palestinians are the last Muslims in the area, but in reality they're surrounded by other Muslim countries.",Reversejohns,1.0
8ijglm,Why does Iran behave aggressively towards Israel?,orgad,4,https://www.reddit.com/r/MiddleEastNews/comments/8ijglm/why_does_iran_behave_aggressively_towards_israel/,63,dysb78q,"Why would you call Israel an aggressor?  They've taken territory after defensive wars to be sure, but its Iran shouting for the destruction / elimination of the Israel state, not the reverse.",ThaCarter,9.0
8ijglm,Why does Iran behave aggressively towards Israel?,orgad,4,https://www.reddit.com/r/MiddleEastNews/comments/8ijglm/why_does_iran_behave_aggressively_towards_israel/,63,dyscfex,"Non-Mobile link: https://en.wikipedia.org/wiki/Israeli%E2%80%93Syrian_ceasefire_line_incidents_during_the_Syrian_Civil_War
***
^HelperBot ^v1.1 ^/r/HelperBot_ ^I ^am ^a ^bot. ^Please ^message ^/u/swim1929 ^with ^any ^feedback ^and/or ^hate. ^Counter: ^180742",HelperBot_,1.0
8ijglm,Why does Iran behave aggressively towards Israel?,orgad,4,https://www.reddit.com/r/MiddleEastNews/comments/8ijglm/why_does_iran_behave_aggressively_towards_israel/,63,dyscff5,"**Israeliâ€“Syrian ceasefire line incidents during the Syrian Civil War**

Several incidents have taken place on the Israeliâ€“Syrian ceasefire line during the Syrian Civil War, straining the relations between the countries. The incidents are considered a spillover of the Quneitra Governorate clashes since 2012 and later incidents between Syrian Army and the rebels, ongoing on the Syrian-controlled side of the Golan and the Golan Neutral Zone and the Hezbollah involvement in the Syrian Civil War. Through the incidents, which began in late 2012, as of mid-2014, one Israeli civilian was killed and at least 4 soldiers wounded; on the Syrian-controlled side, it is estimated that at least ten soldiers were killed, as well as two unidentified militants, who were identified near Ein Zivan on Golan Heights.

***

^[ [^PM](https://www.reddit.com/message/compose?to=kittens_from_space) ^| [^Exclude ^me](https://reddit.com/message/compose?to=WikiTextBot&message=Excludeme&subject=Excludeme) ^| [^Exclude ^from ^subreddit](https://np.reddit.com/r/MiddleEastNews/about/banned) ^| [^FAQ ^/ ^Information](https://np.reddit.com/r/WikiTextBot/wiki/index) ^| [^Source](https://github.com/kittenswolf/WikiTextBot)   ^]
^Downvote ^to ^remove ^| ^v0.28",WikiTextBot,1.0
8ijglm,Why does Iran behave aggressively towards Israel?,orgad,4,https://www.reddit.com/r/MiddleEastNews/comments/8ijglm/why_does_iran_behave_aggressively_towards_israel/,63,dysb9tw,Iran / Syrian elements fired far dumber (more prone to civilian casualties) munitions at Israel.  Let's not pretend either side is obviously in the right here.,ThaCarter,1.0
8ijglm,Why does Iran behave aggressively towards Israel?,orgad,4,https://www.reddit.com/r/MiddleEastNews/comments/8ijglm/why_does_iran_behave_aggressively_towards_israel/,63,dz4tnkv,"Iran is calling for the destruction of Israel and you're calling Israel the aggressor? That's nonsense. 

Also, what Iran has to do in Syria? Why do they build military bases there? ",orgad,1.0
8ijglm,Why does Iran behave aggressively towards Israel?,orgad,4,https://www.reddit.com/r/MiddleEastNews/comments/8ijglm/why_does_iran_behave_aggressively_towards_israel/,63,dysvc67,Is it really the Palestinian issue? I don't think so,orgad,0.0
8ijglm,Why does Iran behave aggressively towards Israel?,orgad,4,https://www.reddit.com/r/MiddleEastNews/comments/8ijglm/why_does_iran_behave_aggressively_towards_israel/,63,dyvfy4s,Iran literally have the destruction of Israel in their constitution. ,RapidLeaf,8.0
8ijglm,Why does Iran behave aggressively towards Israel?,orgad,4,https://www.reddit.com/r/MiddleEastNews/comments/8ijglm/why_does_iran_behave_aggressively_towards_israel/,63,dysd8n0,">defensive wars

Well for a start, that territory they were ""defending"" was obtained through genocide and ethnic cleansing:


>What the new material shows is that there were far more Israeli acts of massacre than I had previously thought. To my surprise, there were also many cases of rape. In the months of April-May 1948, units of the Haganah [the pre-state defense force that was the precursor of the IDF] were given operational orders that stated explicitly that they were to uproot the villagers, expel them and destroy the villages themselves. https://www.haaretz.com/1.5262454


Iran also backed the Nelson Mandela, when the US had labeled him a terrorist too, and while Israel was trying to sell nukes to the racist pariah Apartheid regime in S Africa. https://www.theguardian.com/world/2010/may/23/israel-south-africa-nuclear-weapons
",thelasian,3.0
8ijglm,Why does Iran behave aggressively towards Israel?,orgad,4,https://www.reddit.com/r/MiddleEastNews/comments/8ijglm/why_does_iran_behave_aggressively_towards_israel/,63,dyyk7tw,"The things that Israel does in the geopolitical arena were taught to me as wrong when I was taught the most basic principles of right and wrong in elementary school. Israel is the houseguest from hell. Imagine if you were forced to let some refugees come stay with you and share part of your house with them and next thing you know theyâ€™re eating/crumbling granola bars all over your bed while putting their dirty feet all over your pillows, then they decide to change the lock on your bedroom door and call you an intruder. Come on, donâ€™t be obtuse. ",arallonnative,1.0
8ijglm,Why does Iran behave aggressively towards Israel?,orgad,4,https://www.reddit.com/r/MiddleEastNews/comments/8ijglm/why_does_iran_behave_aggressively_towards_israel/,63,dysda63,"Nonsense. First of all the area that the rockets were fired (by the Syrian army) was the Golan Heights, which belongs to Syria. And Israel has no shame in klling civilians and is doing it live, on TV now.",thelasian,1.0
8ijglm,Why does Iran behave aggressively towards Israel?,orgad,4,https://www.reddit.com/r/MiddleEastNews/comments/8ijglm/why_does_iran_behave_aggressively_towards_israel/,63,dz6gajh,"why they build military base? it's more comfortable to provide logistics. it's easier to command their troops fighting against terrorists. BTW Israeli ""non-aggressors"" took Golan heights while their neighbor suffered with civil and terrorist war. And don't you think that Israel stands for current us-anti-nuclear-agreament-situation.",jonathanshow2234,1.0
8ijglm,Why does Iran behave aggressively towards Israel?,orgad,4,https://www.reddit.com/r/MiddleEastNews/comments/8ijglm/why_does_iran_behave_aggressively_towards_israel/,63,dyu7b1s,Historically that's where a lot of it stems from. ,Reversejohns,1.0
8ijglm,Why does Iran behave aggressively towards Israel?,orgad,4,https://www.reddit.com/r/MiddleEastNews/comments/8ijglm/why_does_iran_behave_aggressively_towards_israel/,63,dysdcz6,"That just says they did bad things.  *Everyone* has done bad things, and those bad things certainly donâ€™t absolve their neighbors of their bad things.

This is a conflict of flawed actors.  Calling one side the aggressor just shows either your ignorance or your bias.",ThaCarter,3.0
8ijglm,Why does Iran behave aggressively towards Israel?,orgad,4,https://www.reddit.com/r/MiddleEastNews/comments/8ijglm/why_does_iran_behave_aggressively_towards_israel/,63,dyykg9v,"And just to give you all a heads up, I work in the tech industry here in California and the general consensus tends to be in line with the views Iâ€™ve just expressed, I.e., the future isnâ€™t exactly smiling upon those who share your ideals ",arallonnative,2.0
8ijglm,Why does Iran behave aggressively towards Israel?,orgad,4,https://www.reddit.com/r/MiddleEastNews/comments/8ijglm/why_does_iran_behave_aggressively_towards_israel/,63,dysdgef,">bad things

Yes, 'bad things' like the genocide of Palestinians, which is the basis of the conflict. Remember, according to Israelis, ""There are no such thing as Palestinians"" (Israeli PM Golda Meir) and Israel was a ""land without a people"" before the Zionists came. Well, that's just not true and never was.

What other countries do, is no excuse is it?",thelasian,1.0
8ijglm,Why does Iran behave aggressively towards Israel?,orgad,4,https://www.reddit.com/r/MiddleEastNews/comments/8ijglm/why_does_iran_behave_aggressively_towards_israel/,63,dysvjvk,"> s, 'bad things' like the genocide of Palestinians, which is the basis of the conflict. Remember, a

""genocide of Palestinians"" this is just BS.",orgad,4.0
8ijglm,Why does Iran behave aggressively towards Israel?,orgad,4,https://www.reddit.com/r/MiddleEastNews/comments/8ijglm/why_does_iran_behave_aggressively_towards_israel/,63,dyu7ky2,"Stop using the term genocide anyone from a group of people is killed. Israel has faced at least three wars (Yom Kippur, Six days, Arab Israeli war) where it's neighbors tried to wipe them off the map. In each of these wars, Israel gave back much of the land it had conquered. Israel could have kept the entire Sinai peninsula if it wanted to, but it was given back to Egypt. ",Reversejohns,3.0
8ijglm,Why does Iran behave aggressively towards Israel?,orgad,4,https://www.reddit.com/r/MiddleEastNews/comments/8ijglm/why_does_iran_behave_aggressively_towards_israel/,63,dyz6adk,"Genocide: the attempted destruction of a people as a people

""There are no such things as Palestinians"" - Israeli PM Golda Meir

Note that people of ONE particular ethnicity in Israel are not shoved into tents and have their lands stolen from them. Do you suppose it is merely an accident that Gaza, a tiny strip of land with no economy, has a population of 2.8 million of which 2 million are refugees? 
",thelasian,1.0
8ijglm,Why does Iran behave aggressively towards Israel?,orgad,4,https://www.reddit.com/r/MiddleEastNews/comments/8ijglm/why_does_iran_behave_aggressively_towards_israel/,63,dyz67f1,"Genocide: the attempted destruction of a people *as a people*

""There are no such things as Palestinians"" - Israeli PM Golda Meir

Note that people of ONE particular ethnicity in Israel are not shoved into tents and have their lands stolen from them. Do you suppose it is merely an accident that Gaza, a tiny strip of land with no economy, has a population of 2.8 million of which 2 million are *refugees*? ",thelasian,0.0
8ijglm,Why does Iran behave aggressively towards Israel?,orgad,4,https://www.reddit.com/r/MiddleEastNews/comments/8ijglm/why_does_iran_behave_aggressively_towards_israel/,63,dz0idku,">""There are no such things as Palestinians""

Dude, this is just out of context quotation. Even if she believed this group of people cannot have their own nation it doesn't mean she wanted them to be killed systematically \(=Genocide\) so the way you're presenting it is a pure demagogy.

Also, I have a question for you: Why did Egypt closed it's border with Gaza? \(As Israel did\)",orgad,3.0
8ijglm,Why does Iran behave aggressively towards Israel?,orgad,4,https://www.reddit.com/r/MiddleEastNews/comments/8ijglm/why_does_iran_behave_aggressively_towards_israel/,63,dz34u66,">Why did Egypt

Egypt is run by a dictator who is dependent on the US for billions to make nice with Israel, and is responsible for the greatest mass killing of peaceful protestors in a single day -- so what?

>out of context quotation

No, sorry, it is in fact a basic presmise of Zionism that ""Palestinians"" *literally* don't exist and they're ""just Arabs"" who supposedly came to Israel AFTER the Zionists arrived.
http://peacenow.org/page.php?name=they-say-we-say-the-palestinians-are-not-a-real-people#.Wvx2A3nfPcs

This book for example made that claim before it was exposed as a fraud
https://en.wikipedia.org/wiki/From_Time_Immemorial

The myth of Israel as a ""land without people"" prior to the arrival of Zionists is commonplace 

To this day Israel does not *officially* refer to ""Palestinians""

When a Spanish geneticist pointed out that Jews and Palestinians are genetically comparable and not separate, the reaction was to force the journal to tell all their subscribers that they should literally *tear out the article* and destroy it as if it never existed.  https://www.theguardian.com/world/2001/nov/25/medicalscience.genetics

This was a violation of ""Jewish Exceptionalism"" which is ultimately the basis of the claim -- that Jews are inherently superior and thus entitled. Once all is said and done, *that"" is what it boils down to.

",thelasian,1.0
8ijglm,Why does Iran behave aggressively towards Israel?,orgad,4,https://www.reddit.com/r/MiddleEastNews/comments/8ijglm/why_does_iran_behave_aggressively_towards_israel/,63,dz4hah9,">This was a violation of ""Jewish Exceptionalism"" which is ultimately the basis of the claim

I'll refer at the moment only to this point since I don't have a lot of time currently. What do you mean by ""Jewish Exceptionalism"". \*Our\* Arab citizens have equal rights, including Arab women \(actually they are even enjoying affirmative action/ reservation in universities\)

This is obvious to you and me, since we're both live in democracies. You're more than welcome to explore how ""nicely"" Arab countries treat their women population and the LGBT community.",orgad,1.0
8ijglm,Why does Iran behave aggressively towards Israel?,orgad,4,https://www.reddit.com/r/MiddleEastNews/comments/8ijglm/why_does_iran_behave_aggressively_towards_israel/,63,dz4hft7,">To this day Israel does not officially refer to ""Palestinians""

Wrong.

Take a look at this: [https://www.haaretz.com/1.5064276](https://www.haaretz.com/1.5064276)

Which is known as ""Bar\-Ilan Speech"" where Benjamin Netanyahu talks positively about the ""two states solution"" and  obviously referring to ""them"" as Palestinians.

So this is the official most up to date Israel's policy.   ",orgad,1.0
8ijglm,Why does Iran behave aggressively towards Israel?,orgad,4,https://www.reddit.com/r/MiddleEastNews/comments/8ijglm/why_does_iran_behave_aggressively_towards_israel/,63,dzfp5oj,"Talking about ""Nakba"", let's examine together what happened in the Holy Land in 48':

1. The UN devised the ""United Nations Partition Plan for Palestine"".
2. Jews: accepted the plan and celebrated their independence.
3. Arabs: Denied the plan and started a war on the newborn nation \(The Arabâ€“Israeli War\). By ""Arabs"" I mean: Egypt, Syria, Jordan, Iraq, Saudi Arabia, Arab Liberation Army, Army of the Holy War and the Arabs in Israel of course.
4. You know, Golda Meir \(future PM of Israel\) tried to convince the Jordanian King, Abdullah not joining the war. He declined her request, She said ""We'll meet after the war"". Well, what do you know? We survived.
5. The aftermath: they tried to totally exterminate us, it didn't work out pretty well and they're crying about it for over 70 years \(and counting\)",orgad,1.0
13uv9fe,UN accuses Israel of recruiting Palestinian child soldiers,woshinoemi,6,https://www.jpost.com/israel-news/article-744508,0,,,,
13qu5zv,These stats indicate that the Israel - Palestine conflict could get even worse starting August of 2023.,thedowcast,5,https://www.academia.edu/93931405/Gaza_rocket_stats_and_planet_Mars_correlation,0,,,,
130dwu4,"Saudi Arabia: Major Regional Realignment Brings Reconciliaton with Iran. Israel, US among major losers in Saudi realignment",richards1052,4,https://www.richardsilverstein.com/2023/04/27/saudi-arabia-major-regional-realignment-brings-reconciliaton-with-iran/,1,,,,
125ndlg,Labor officials look into Palestinian workers' mistreatment in Israel,arabpost,9,https://thearabposts.com/labor-officials-look-into-palestinian-workers-mistreatment-in-israel/,1,,,,
125ndlg,Labor officials look into Palestinian workers' mistreatment in Israel,arabpost,9,https://thearabposts.com/labor-officials-look-into-palestinian-workers-mistreatment-in-israel/,1,je6g00i,They absolutely abuse them,NatalieN07,1.0
1316qq9,"The Kurds who were Martyred for Palestine - That experience in the Palestinian camps permanently affected the worldview of the PKKâ€™s founding generation. Not only did the PKK learn how to fight a guerrilla war, it also walked away with a strong sense of internationalism.",FreeOcalan78,4,https://www.nuceciwan121.xyz/en/2023/04/the-kurds-who-were-martyred-for-palestine/,0,,,,
12b16rp,"Vietnam and Israel on April 2 announced the conclusion of negotiations for their free trade agreement (FTA), creating a premise for the two countries to sign the deal right this year.",Strict-Marsupial6141,5,https://en.vietnamplus.vn/vietnam-israel-conclude-fta-negotiations/250877.vnp,0,,,,
11ruh9w,Israel: Judicial Bill Passes First Vote in Knesset,Master-Strawberry-26,0,https://lite.improvethenews.org/israel-judicial-bill-passes-first-vote-in-knesset/?p=re998,1,,,,
11ruh9w,Israel: Judicial Bill Passes First Vote in Knesset,Master-Strawberry-26,0,https://lite.improvethenews.org/israel-judicial-bill-passes-first-vote-in-knesset/?p=re998,1,jca7hu4,">Overnight on Monday, Israel's Knesset passed the first reading of a bill that would allow it to override Supreme Court decisions and enact legislation that had been struck down. The bill is reportedly a top priority of PM Benjamin Netanyahu's government.",Master-Strawberry-26,1.0
12a9atx,"Vietnam, Israel conclude FTA negotiations, creating a premise for the two countries to sign the deal later this year",Strict-Marsupial6141,1,https://en.vietnamplus.vn/vietnam-israel-conclude-fta-negotiations/250877.vnp,0,,,,
11t5555,The view from Palestine on Israel's new protest movement,The_Dilettante,1,https://strangematters.coop/israel-anti-judicial-reform-protests/,0,,,,
11j5hql,Two year old in critical condition after terrorist ramming attack in Israel,DarkRose1010,3,https://www.israelnationalnews.com/news/368280,0,,,,
10pfec0,Officials: Israel Launched Drone Attack on Iranian Facility,Master-Strawberry-26,6,https://lite.improvethenews.org/officials-israel-launched-drone-attack-on-iranian-facility/?p=re712,0,,,,
10l2kfy,AhlanPalestine: Meet the duo creating tours to showcase Palestineâ€™s natural beauty | via Middle East Eye,dailyculture,1,https://dailyculturepicks.org/ahlanpalestine-meet-the-duo-creating-tours-to-showcase-palestines-natural-beauty/,0,,,,
zb9174,Israel: Seeks ban on flying Palestinian flags on university campuses,TheMuslimToday,0,https://www.reddit.com/r/MiddleEastNews/comments/zb9174/israel_seeks_ban_on_flying_palestinian_flags_on/,2,,,,
zb9174,Israel: Seeks ban on flying Palestinian flags on university campuses,TheMuslimToday,0,https://www.reddit.com/r/MiddleEastNews/comments/zb9174/israel_seeks_ban_on_flying_palestinian_flags_on/,2,iyr5ibv,ðŸ˜¡,Puppet007,1.0
zb9174,Israel: Seeks ban on flying Palestinian flags on university campuses,TheMuslimToday,0,https://www.reddit.com/r/MiddleEastNews/comments/zb9174/israel_seeks_ban_on_flying_palestinian_flags_on/,2,iyrhe7a,"There have been bus bombings and stabbing attacks by terrorists in Israel lately. Flying the Palestinian flag right now isn't a pro-Palestine statement right now, it's a call for intifada. Context matters.",DarkRose1010,1.0
xxkvsu,"Gay Palestinian living under asylum in Israel murdered, beheaded in Hebron",Chamoodi,38,https://www.timesofisrael.com/gay-palestinian-living-under-asylum-in-israel-murdered-beheaded-in-hebron/,0,,,,
zyctow,Israel demolishes mosque in Hebron,maubyfizzz,7,https://www.middleeastmonitor.com/20221206-israel-demolishes-mosque-in-hebron/,0,,,,
zos40u,Climate Change Pushes French Winemakers to Israel's Desert,SurfTheSand,5,https://sand-boarding.com/wine-in-the-desert/,0,,,,
1006o2f,Life in Palestine,maubyfizzz,0,https://www.haaretz.com/israel-news/twilight-zone/2022-12-30/ty-article-magazine/.highlight/what-happened-when-a-palestinian-family-discovered-settlers-planted-a-vineyard-on-its-land/00000185-6415-d819-a995-f4b518ec0000,0,,,,
y8b0m1,Exclusive: Taliban faction sees relations with Israel as in Afghansâ€™ interests - I24NEWS,uri02,4,https://www.i24news.tv/en/news/international/asia-pacific/1665656139-taliban-faction-sees-relations-with-israel-as-in-afghans-interests#Echobox=1666104849,2,,,,
y8b0m1,Exclusive: Taliban faction sees relations with Israel as in Afghansâ€™ interests - I24NEWS,uri02,4,https://www.i24news.tv/en/news/international/asia-pacific/1665656139-taliban-faction-sees-relations-with-israel-as-in-afghans-interests#Echobox=1666104849,2,isztdx4,wut,ND1984,2.0
y8b0m1,Exclusive: Taliban faction sees relations with Israel as in Afghansâ€™ interests - I24NEWS,uri02,4,https://www.i24news.tv/en/news/international/asia-pacific/1665656139-taliban-faction-sees-relations-with-israel-as-in-afghans-interests#Echobox=1666104849,2,it16bq7,Go Bin Salman,TheExtimate,1.0
zh1p1d,Israel: Soldiers kill three Palestinians in Jenin,TheMuslimToday,4,https://www.reddit.com/r/MiddleEastNews/comments/zh1p1d/israel_soldiers_kill_three_palestinians_in_jenin/,0,,,,
